japan;114;145;282,528,529,530,531,532,533,534,535,536,1018,1019,1020
taiwan;135;222;524
malaya;167;324;336,1060,1061,1062,1063,1064,1065
singapore;176;337;1021
philippines;252;285;327,623,624,625,626,627,628,1025,1026,1027
dei;257;349;334,335,667,668,669,672,673,1047,1048,1049,1050,1051,1052,1053,1054,1055,1056,1057,1058
marianas;381;280;638,639,646
new_guinea;400;371;523,634,669,979,1057,1070,1073
wake;480;245;632
midway;541;197;631
hawaii;741;229;629
iwo_jima;270;215;645
okinawa;155;209;526
west_coast;960;50;378,385,386
rabaul;453;369;737
carolines;437;307;684
palau;349;306;647
marshalls;539;297;633
gilberts;582;338;639
solomons;500;391;634
new_caledonia;537;451;635
fiji;610;431;636
samoa;671;413;726,1072
