282;104;140;52;32
327;202;252;50;40
334;194;316;46;54
335;178;364;42;28
336;152;318;26;24
378;918;44;82;72
385;916;18;84;44
386;916;0;82;40
523;386;368;76;38
524;114;206;48;36
526;136;188;40;40
528;58;156;62;30
529;74;152;40;26
530;94;158;38;26
531;84;150;58;30
532;100;146;52;26
533;94;116;36;36
534;82;134;46;32
535;80;138;40;30
536;94;92;64;42
623;178;240;48;32
624;224;264;50;30
625;254;274;38;28
626;228;274;32;38
627;286;296;32;30
628;238;272;54;36
629;700;212;68;38
631;530;188;24;20
632;470;236;24;20
634;476;368;50;38
638;368;266;22;24
639;570;318;32;42
645;256;202;32;26
646;358;252;28;30
667;236;370;56;36
668;288;312;56;60
669;318;334;84;42
672;156;346;44;36
673;256;344;46;40
979;386;348;58;42
1018;98;166;50;32
1019;92;130;44;30
1020;66;146;44;28
1021;166;328;22;20
1025;262;292;38;36
1026;278;286;36;32
1027;192;252;38;28
1047;178;342;34;26
1048;130;320;48;50
1049;134;316;58;48
1050;120;308;34;36
1051;200;364;48;32
1052;232;376;24;20
1053;260;374;68;22
1054;282;380;28;26
1055;222;316;52;58
1056;260;326;50;40
1057;360;354;44;44
1058;184;364;28;22
1060;160;322;30;26
1061;148;304;22;24
1062;156;306;28;28
1063;158;316;28;26
1064;150;306;26;30
1065;150;308;18;20
1070;462;358;28;30
1073;384;354;58;42
