283;432;258;86;72
287;128;194;152;70
322;208;258;128;116
325;410;368;88;116
326;578;446;24;24
328;702;120;84;96
434;306;358;88;50
524;654;412;40;62
591;514;482;46;38
592;538;432;56;50
593;552;410;82;58
594;464;414;100;64
595;604;374;70;78
596;632;334;66;72
597;632;238;70;56
598;608;276;74;58
599;496;400;82;56
600;574;346;80;94
601;316;310;96;82
602;520;350;86;88
603;452;372;90;66
604;278;250;120;92
605;472;306;78;84
606;592;294;60;78
607;534;250;98;96
608;584;202;56;44
609;610;196;60;42
610;602;146;94;78
611;556;156;78;56
612;548;106;126;78
613;658;324;36;32
614;572;216;70;82
615;534;198;68;102
616;420;198;98;72
617;160;132;148;88
618;178;72;134;100
619;90;184;96;90
620;522;304;90;70
621;472;170;126;60
622;496;240;58;44
714;654;0;170;148
715;630;108;102;84
716;664;166;70;68
717;752;82;100;106
728;534;462;22;24
729;568;448;24;24
743;652;256;26;26
744;470;284;90;56
745;666;214;34;28
746;486;196;80;62
747;378;358;72;120
748;472;360;60;50
749;606;330;60;54
750;512;336;66;62
751;418;336;50;86
752;374;294;80;104
753;408;288;84;70
754;378;240;84;82
755;294;216;140;80
756;328;170;100;74
757;192;332;148;70
758;148;270;104;94
759;258;190;96;64
760;282;132;100;78
761;600;0;126;122
1032;486;258;68;50
1033;498;446;60;50
1034;640;312;54;42
1035;628;308;34;42
1036;568;332;42;40
1037;460;342;52;56
1038;590;230;66;74
1039;578;190;50;40
1040;378;170;116;64
1041;444;312;60;78
1042;116;218;208;74
1043;532;158;54;48
1044;398;214;84;68
1045;462;242;58;44
1046;516;214;46;54
